Time,Tv_avg,rho_V_avg,Q_VL,Q_L,Q_V,V_L,B_L,BOG,drho_V_avg,dV_L,T_BOG,Q_Vw,Q_tot
0,239.834,0.889987,-3.63882e-11,10076.1,10076.1,44011.8,0.0197537,0.0197537,0,0,239.834,7053.27,27056.1
3600,239.949,0.889487,38.1128,10076.1,10046.1,44011.7,0.0197662,0.0258506,-1.38831e-07,-2.90002e-05,239.951,7032.29,27073.2
7200,240.068,0.888988,54.27,10076.1,10015.2,44011.6,0.0197622,0.0258165,-1.38146e-07,-2.89933e-05,240.071,7010.67,27067.7
10800,240.186,0.888493,65.8923,10076,9984.61,44011.5,0.019755,0.0257514,-1.36828e-07,-2.89823e-05,240.192,6989.23,27057.8
14400,240.302,0.888002,74.8021,10076,9954.22,44011.4,0.019746,0.0256894,-1.35624e-07,-2.89692e-05,240.312,6967.95,27045.4
18000,240.418,0.887516,82.4629,10076,9924.03,44011.3,0.0197361,0.0256309,-1.34518e-07,-2.89547e-05,240.432,6946.82,27031.9
21600,240.533,0.887034,89.276,10076,9894.05,44011.2,0.0197258,0.0255734,-1.33446e-07,-2.89394e-05,240.552,6925.84,27017.8
25200,240.647,0.886555,95.1824,10075.9,9864.27,44011.1,0.0197148,0.0255172,-1.32418e-07,-2.89234e-05,240.671,6904.99,27002.8
28800,240.761,0.88608,100.656,10075.9,9834.66,44011,0.0197037,0.0254628,-1.31433e-07,-2.8907e-05,240.791,6884.26,26987.5
32400,240.874,0.885609,105.626,10075.9,9805.24,44010.9,0.0196923,0.0254075,-1.30435e-07,-2.88902e-05,240.91,6863.67,26971.9
36000,240.986,0.885141,110.049,10075.9,9776,44010.8,0.0196805,0.0253554,-1.29517e-07,-2.88732e-05,241.028,6843.2,26955.8
39600,241.098,0.884677,114.47,10075.8,9746.91,44010.7,0.0196689,0.0253035,-1.28603e-07,-2.88559e-05,241.146,6822.84,26939.8
43200,241.209,0.884215,118.371,10075.8,9718.01,44010.6,0.0196569,0.0252513,-1.27687e-07,-2.88384e-05,241.265,6802.6,26923.5
46800,241.319,0.883757,122.186,10075.8,9689.25,44010.5,0.019645,0.0252,-1.2679e-07,-2.88208e-05,241.382,6782.48,26907.1
50400,241.429,0.883302,125.618,10075.8,9660.67,44010.4,0.0196329,0.0251495,-1.25918e-07,-2.88031e-05,241.5,6762.47,26890.5
54000,241.538,0.882851,129.027,10075.7,9632.24,44010.3,0.0196208,0.0250993,-1.2505e-07,-2.87854e-05,241.617,6742.56,26874
57600,241.646,0.882402,132.095,10075.7,9603.98,44010.2,0.0196086,0.0250501,-1.24208e-07,-2.87675e-05,241.734,6722.78,26857.3
61200,241.754,0.881956,135.194,10075.7,9575.84,44010.1,0.0195965,0.0250021,-1.23394e-07,-2.87496e-05,241.851,6703.09,26840.7
64800,241.862,0.881514,138.05,10075.7,9547.88,44010,0.0195842,0.0249523,-1.22538e-07,-2.87317e-05,241.967,6683.52,26823.9
68400,241.969,0.881074,140.79,10075.7,9520.06,44009.9,0.019572,0.0249044,-1.21728e-07,-2.87138e-05,242.083,6664.04,26807.2
72000,242.075,0.880637,143.424,10075.6,9492.4,44009.8,0.0195598,0.0248563,-1.20912e-07,-2.86958e-05,242.199,6644.68,26790.4
75600,242.18,0.880203,145.923,10075.6,9464.88,44009.7,0.0195475,0.0248094,-1.20124e-07,-2.86778e-05,242.315,6625.42,26773.6
79200,242.285,0.879772,148.373,10075.6,9437.5,44009.6,0.0195353,0.0247634,-1.19356e-07,-2.86599e-05,242.43,6606.25,26756.9
82800,242.39,0.879344,150.728,10075.6,9410.26,44009.5,0.0195231,0.0247152,-1.18537e-07,-2.8642e-05,242.545,6587.18,26740.1
86400,242.494,0.878919,152.926,10075.5,9383.19,44009.4,0.0195108,0.0246692,-1.17769e-07,-2.8624e-05,242.66,6568.23,26723.4
90000,242.597,0.878496,155.125,10075.5,9356.23,44009.3,0.0194986,0.0246254,-1.1705e-07,-2.86061e-05,242.774,6549.36,26706.7
93600,242.7,0.878076,157.254,10075.5,9329.42,44009.2,0.0194865,0.0245787,-1.16264e-07,-2.85882e-05,242.888,6530.59,26690
97200,242.803,0.877659,159.26,10075.5,9302.76,44009,0.0194743,0.024532,-1.1548e-07,-2.85704e-05,243.002,6511.93,26673.3
100800,242.904,0.877245,161.202,10075.4,9276.24,44008.9,0.0194621,0.0244882,-1.14759e-07,-2.85526e-05,243.116,6493.37,26656.7
104400,243.006,0.876833,163.118,10075.4,9249.84,44008.8,0.01945,0.0244454,-1.14062e-07,-2.85348e-05,243.229,6474.89,26640.1
108000,243.106,0.876423,164.998,10075.4,9223.58,44008.7,0.019438,0.0243999,-1.13301e-07,-2.85171e-05,243.342,6456.5,26623.6
111600,243.207,0.876017,166.761,10075.4,9197.47,44008.6,0.0194259,0.0243539,-1.1253e-07,-2.84994e-05,243.455,6438.23,26607
115200,243.306,0.875613,168.476,10075.3,9171.49,44008.5,0.0194139,0.0243119,-1.11848e-07,-2.84817e-05,243.567,6420.05,26590.5
118800,243.406,0.875212,170.185,10075.3,9145.64,44008.4,0.0194019,0.0242697,-1.11161e-07,-2.84641e-05,243.679,6401.95,26574.1
122400,243.504,0.874813,171.835,10075.3,9119.92,44008.3,0.0193899,0.0242266,-1.10451e-07,-2.84466e-05,243.791,6383.94,26557.8
126000,243.603,0.874416,173.448,10075.3,9094.33,44008.2,0.019378,0.0241841,-1.09756e-07,-2.84291e-05,243.903,6366.03,26541.4
129600,243.7,0.874023,175.017,10075.3,9068.87,44008.1,0.0193661,0.0241423,-1.09077e-07,-2.84116e-05,244.014,6348.21,26525.2
133200,243.798,0.873631,176.563,10075.2,9043.53,44008,0.0193543,0.0240993,-1.08367e-07,-2.83943e-05,244.125,6330.47,26508.9
136800,243.894,0.873242,178.033,10075.2,9018.34,44007.9,0.0193425,0.0240565,-1.07662e-07,-2.83769e-05,244.236,6312.84,26492.8
140400,243.99,0.872856,179.484,10075.2,8993.27,44007.8,0.0193307,0.0240161,-1.07011e-07,-2.83597e-05,244.346,6295.29,26476.6
144000,244.086,0.872472,180.909,10075.2,8968.33,44007.7,0.019319,0.023974,-1.0632e-07,-2.83425e-05,244.456,6277.83,26460.6
147600,244.181,0.87209,182.277,10075.1,8943.52,44007.6,0.0193073,0.0239329,-1.05651e-07,-2.83253e-05,244.566,6260.46,26444.6
151200,244.276,0.871711,183.637,10075.1,8918.83,44007.5,0.0192956,0.023893,-1.05007e-07,-2.83082e-05,244.676,6243.18,26428.6
154800,244.37,0.871334,184.959,10075.1,8894.27,44007.4,0.019284,0.0238518,-1.04336e-07,-2.82912e-05,244.785,6225.99,26412.7
158400,244.464,0.87096,186.249,10075.1,8869.83,44007.3,0.0192725,0.0238116,-1.03684e-07,-2.82742e-05,244.894,6208.88,26396.9
162000,244.557,0.870588,187.514,10075,8845.52,44007.2,0.0192609,0.0237725,-1.03057e-07,-2.82573e-05,245.003,6191.86,26381.1
165600,244.65,0.870218,188.764,10075,8821.32,44007.1,0.0192495,0.0237322,-1.02401e-07,-2.82405e-05,245.111,6174.92,26365.4
169200,244.743,0.869851,189.969,10075,8797.26,44007,0.019238,0.0236918,-1.01741e-07,-2.82237e-05,245.22,6158.08,26349.7
172800,244.835,0.869485,191.155,10075,8773.32,44006.9,0.0192266,0.023653,-1.01119e-07,-2.8207e-05,245.328,6141.32,26334.1
176400,244.926,0.869123,192.319,10074.9,8749.5,44006.8,0.0192153,0.0236135,-1.00478e-07,-2.81904e-05,245.435,6124.65,26318.6
180000,245.017,0.868762,193.452,10074.9,8725.8,44006.7,0.019204,0.0235747,-9.98508e-08,-2.81738e-05,245.542,6108.06,26303.1
183600,245.107,0.868404,194.571,10074.9,8702.22,44006.6,0.0191928,0.0235374,-9.92589e-08,-2.81573e-05,245.65,6091.56,26287.7
187200,245.198,0.868047,195.678,10074.9,8678.76,44006.5,0.0191815,0.0234992,-9.86442e-08,-2.81408e-05,245.756,6075.13,26272.4
190800,245.287,0.867693,196.755,10074.9,8655.42,44006.4,0.0191704,0.0234612,-9.80336e-08,-2.81245e-05,245.863,6058.79,26257.1
194400,245.376,0.867341,197.822,10074.8,8632.19,44006.3,0.0191593,0.0234238,-9.74368e-08,-2.81082e-05,245.969,6042.53,26241.9
198000,245.465,0.866992,198.866,10074.8,8609.08,44006.2,0.0191482,0.0233842,-9.67868e-08,-2.80919e-05,246.075,6026.35,26226.7
201600,245.553,0.866645,199.871,10074.8,8586.1,44006.1,0.0191372,0.0233467,-9.61863e-08,-2.80758e-05,246.181,6010.27,26211.6
205200,245.641,0.866299,200.878,10074.8,8563.23,44006,0.0191262,0.0233113,-9.56288e-08,-2.80597e-05,246.286,5994.26,26196.6
208800,245.728,0.865956,201.867,10074.7,8540.47,44005.9,0.0191153,0.023274,-9.50295e-08,-2.80436e-05,246.391,5978.33,26181.6
212400,245.815,0.865615,202.836,10074.7,8517.83,44005.8,0.0191044,0.0232365,-9.44249e-08,-2.80277e-05,246.496,5962.48,26166.7
216000,245.902,0.865276,203.784,10074.7,8495.32,44005.7,0.0190936,0.0231998,-9.3835e-08,-2.80118e-05,246.6,5946.72,26151.9
219600,245.988,0.864939,204.719,10074.7,8472.91,44005.6,0.0190828,0.0231652,-9.32947e-08,-2.79959e-05,246.705,5931.04,26137.1
223200,246.073,0.864605,205.652,10074.6,8450.6,44005.5,0.0190721,0.0231287,-9.27071e-08,-2.79802e-05,246.809,5915.42,26122.4
226800,246.158,0.864272,206.552,10074.6,8428.43,44005.4,0.0190614,0.0230908,-9.20884e-08,-2.79645e-05,246.912,5899.9,26107.8
230400,246.243,0.863941,207.437,10074.6,8406.37,44005.3,0.0190507,0.0230569,-9.15595e-08,-2.79489e-05,247.016,5884.46,26093.2
234000,246.327,0.863613,208.324,10074.6,8384.4,44005.2,0.0190401,0.0230219,-9.10056e-08,-2.79333e-05,247.119,5869.08,26078.7
237600,246.411,0.863286,209.186,10074.6,8362.57,44005.1,0.0190296,0.0229846,-9.03972e-08,-2.79179e-05,247.222,5853.8,26064.2
241200,246.494,0.862962,210.029,10074.5,8340.85,44005,0.0190191,0.0229515,-8.98823e-08,-2.79025e-05,247.324,5838.59,26049.8
244800,246.577,0.862639,210.88,10074.5,8319.21,44004.9,0.0190086,0.0229167,-8.93287e-08,-2.78871e-05,247.426,5823.45,26035.5
248400,246.66,0.862319,211.697,10074.5,8297.71,44004.8,0.0189982,0.0228809,-8.87517e-08,-2.78718e-05,247.528,5808.4,26021.3
252000,246.742,0.862,212.514,10074.5,8276.31,44004.7,0.0189879,0.0228479,-8.82366e-08,-2.78566e-05,247.63,5793.42,26007.1
255600,246.824,0.861683,213.318,10074.4,8255.01,44004.6,0.0189775,0.0228123,-8.76596e-08,-2.78415e-05,247.731,5778.51,25992.9
259200,246.905,0.861369,214.1,10074.4,8233.85,44004.5,0.0189673,0.0227794,-8.7145e-08,-2.78265e-05,247.833,5763.69,25978.9
262800,246.986,0.861056,214.889,10074.4,8212.76,44004.4,0.0189571,0.022746,-8.66177e-08,-2.78115e-05,247.933,5748.93,25964.9
266400,247.066,0.860745,215.652,10074.4,8191.8,44004.3,0.0189469,0.0227117,-8.60697e-08,-2.77965e-05,248.034,5734.26,25951
270000,247.147,0.860436,216.414,10074.3,8170.94,44004.2,0.0189368,0.0226777,-8.55269e-08,-2.77817e-05,248.134,5719.66,25937.1
273600,247.226,0.860129,217.153,10074.3,8150.2,44004.1,0.0189267,0.022645,-8.50127e-08,-2.77669e-05,248.234,5705.14,25923.3
277200,247.305,0.859824,217.897,10074.3,8129.54,44004,0.0189167,0.022612,-8.44887e-08,-2.77522e-05,248.334,5690.68,25909.6
280800,247.384,0.859521,218.616,10074.3,8109.02,44003.9,0.0189067,0.0225799,-8.39871e-08,-2.77375e-05,248.434,5676.32,25895.9
284400,247.463,0.859219,219.345,10074.3,8088.57,44003.8,0.0188967,0.0225468,-8.34589e-08,-2.7723e-05,248.533,5662,25882.3
288000,247.541,0.85892,220.041,10074.2,8068.26,44003.7,0.0188869,0.022513,-8.29165e-08,-2.77085e-05,248.632,5647.78,25868.7
291600,247.618,0.858622,220.744,10074.2,8048.03,44003.6,0.018877,0.0224823,-8.24413e-08,-2.7694e-05,248.73,5633.62,25855.3
295200,247.695,0.858327,221.431,10074.2,8027.92,44003.5,0.0188672,0.0224491,-8.19087e-08,-2.76796e-05,248.829,5619.55,25841.8
298800,247.772,0.858033,222.109,10074.2,8007.91,44003.4,0.0188575,0.0224183,-8.14302e-08,-2.76653e-05,248.927,5605.54,25828.5
302400,247.849,0.85774,222.785,10074.1,7988,44003.3,0.0188478,0.0223862,-8.09214e-08,-2.76511e-05,249.025,5591.6,25815.2
306000,247.925,0.85745,223.444,10074.1,7968.2,44003.2,0.0188381,0.0223549,-8.04276e-08,-2.76369e-05,249.122,5577.74,25802
309600,248,0.857161,224.104,10074.1,7948.48,44003.1,0.0188285,0.0223241,-7.99457e-08,-2.76228e-05,249.219,5563.94,25788.8
313200,248.076,0.856874,224.75,10074.1,7928.88,44003,0.0188189,0.0222905,-7.94e-08,-2.76088e-05,249.316,5550.22,25775.7
316800,248.15,0.85659,225.382,10074.1,7909.4,44002.9,0.0188094,0.0222611,-7.89477e-08,-2.75949e-05,249.413,5536.58,25762.7
320400,248.225,0.856306,226.019,10074,7889.99,44002.8,0.0188,0.022232,-7.85006e-08,-2.7581e-05,249.509,5522.99,25749.7
324000,248.299,0.856024,226.644,10074,7870.69,44002.7,0.0187905,0.0221986,-7.79557e-08,-2.75671e-05,249.606,5509.48,25736.8
327600,248.373,0.855745,227.254,10074,7851.5,44002.6,0.0187812,0.0221695,-7.75069e-08,-2.75534e-05,249.702,5496.05,25724
331200,248.446,0.855466,227.87,10074,7832.39,44002.5,0.0187718,0.0221395,-7.70362e-08,-2.75397e-05,249.797,5482.67,25711.2
334800,248.519,0.85519,228.466,10073.9,7813.4,44002.4,0.0187625,0.0221067,-7.6501e-08,-2.75261e-05,249.892,5469.38,25698.5
338400,248.591,0.854916,229.056,10073.9,7794.52,44002.3,0.0187533,0.0220791,-7.60841e-08,-2.75125e-05,249.988,5456.16,25685.8
342000,248.663,0.854642,229.649,10073.9,7775.7,44002.2,0.0187441,0.0220512,-7.56595e-08,-2.7499e-05,250.082,5442.99,25673.2
345600,248.735,0.854371,230.233,10073.9,7756.99,44002.1,0.018735,0.0220199,-7.51545e-08,-2.74856e-05,250.177,5429.89,25660.7
349200,248.807,0.854101,230.806,10073.8,7738.39,44002,0.0187258,0.0219887,-7.46518e-08,-2.74722e-05,250.271,5416.87,25648.2
352800,248.878,0.853833,231.37,10073.8,7719.9,44001.9,0.0187168,0.0219605,-7.42175e-08,-2.74589e-05,250.365,5403.93,25635.8
356400,248.948,0.853567,231.934,10073.8,7701.48,44001.8,0.0187078,0.0219332,-7.3801e-08,-2.74457e-05,250.459,5391.03,25623.4
360000,249.019,0.853302,232.492,10073.8,7683.16,44001.7,0.0186988,0.0219041,-7.33422e-08,-2.74325e-05,250.552,5378.21,25611.2
363600,249.089,0.853039,233.043,10073.8,7664.93,44001.6,0.0186899,0.0218745,-7.28725e-08,-2.74194e-05,250.645,5365.45,25598.9
367200,249.158,0.852777,233.586,10073.7,7646.81,44001.5,0.018681,0.0218446,-7.23948e-08,-2.74064e-05,250.738,5352.77,25586.8
370800,249.227,0.852518,234.12,10073.7,7628.8,44001.4,0.0186722,0.0218159,-7.19427e-08,-2.73934e-05,250.831,5340.16,25574.7
374400,249.296,0.852259,234.651,10073.7,7610.87,44001.3,0.0186634,0.0217894,-7.15403e-08,-2.73805e-05,250.923,5327.61,25562.6
378000,249.365,0.852002,235.18,10073.7,7593.02,44001.2,0.0186546,0.0217623,-7.1122e-08,-2.73677e-05,251.015,5315.11,25550.6
381600,249.433,0.851747,235.702,10073.6,7575.27,44001.1,0.0186459,0.0217334,-7.06625e-08,-2.73549e-05,251.107,5302.69,25538.7
385200,249.5,0.851494,236.217,10073.6,7557.62,44001,0.0186372,0.0217045,-7.02039e-08,-2.73422e-05,251.199,5290.34,25526.9
388800,249.568,0.851242,236.725,10073.6,7540.07,44000.9,0.0186286,0.0216776,-6.97863e-08,-2.73296e-05,251.29,5278.05,25515.1
392400,249.635,0.850991,237.231,10073.6,7522.6,44000.8,0.0186201,0.0216486,-6.93222e-08,-2.7317e-05,251.381,5265.82,25503.3
396000,249.701,0.850743,237.724,10073.6,7505.25,44000.7,0.0186115,0.021622,-6.89107e-08,-2.73045e-05,251.472,5253.68,25491.6
399600,249.768,0.850495,238.222,10073.5,7487.96,44000.6,0.018603,0.0215959,-6.85111e-08,-2.7292e-05,251.562,5241.57,25480
403200,249.834,0.850249,238.709,10073.5,7470.78,44000.5,0.0185946,0.0215681,-6.80698e-08,-2.72796e-05,251.652,5229.55,25468.4
406800,249.899,0.850005,239.194,10073.5,7453.68,44000.4,0.0185862,0.0215426,-6.76816e-08,-2.72673e-05,251.742,5217.57,25456.9
410400,249.965,0.849762,239.675,10073.5,7436.67,44000.3,0.0185778,0.0215156,-6.72581e-08,-2.7255e-05,251.832,5205.67,25445.5
414000,250.03,0.849521,240.15,10073.4,7419.75,44000.2,0.0185695,0.0214888,-6.68382e-08,-2.72428e-05,251.921,5193.82,25434.1
417600,250.094,0.849281,240.621,10073.4,7402.92,44000.1,0.0185613,0.0214624,-6.64253e-08,-2.72307e-05,252.01,5182.04,25422.8
421200,250.158,0.849042,241.087,10073.4,7386.18,44000,0.018553,0.021436,-6.60124e-08,-2.72186e-05,252.099,5170.33,25411.5
424800,250.222,0.848806,241.548,10073.4,7369.53,43999.9,0.0185448,0.0214101,-6.56102e-08,-2.72066e-05,252.188,5158.67,25400.3
428400,250.286,0.84857,242.005,10073.4,7352.97,43999.8,0.0185367,0.021384,-6.52007e-08,-2.71947e-05,252.276,5147.08,25389.1
432000,250.349,0.848336,242.457,10073.3,7336.5,43999.7,0.0185286,0.0213579,-6.47917e-08,-2.71828e-05,252.364,5135.55,25378
435600,250.412,0.848104,242.904,10073.3,7320.12,43999.6,0.0185205,0.0213323,-6.4393e-08,-2.7171e-05,252.452,5124.09,25367
439200,250.474,0.847872,243.348,10073.3,7303.83,43999.5,0.0185125,0.0213068,-6.39947e-08,-2.71592e-05,252.54,5112.68,25356
442800,250.537,0.847643,243.787,10073.3,7287.62,43999.4,0.0185045,0.0212814,-6.35992e-08,-2.71475e-05,252.627,5101.34,25345.1
446400,250.599,0.847415,244.222,10073.2,7271.5,43999.3,0.0184966,0.0212555,-6.31905e-08,-2.71358e-05,252.714,5090.05,25334.2
450000,250.66,0.847188,244.651,10073.2,7255.48,43999.2,0.0184887,0.0212307,-6.28067e-08,-2.71242e-05,252.801,5078.84,25323.4
453600,250.721,0.846962,245.078,10073.2,7239.53,43999.1,0.0184808,0.0212077,-6.24613e-08,-2.71127e-05,252.887,5067.67,25312.6
457200,250.782,0.846738,245.504,10073.2,7223.65,43999,0.018473,0.0211823,-6.20617e-08,-2.71013e-05,252.974,5056.56,25301.9
460800,250.843,0.846515,245.923,10073.2,7207.88,43998.9,0.0184652,0.021158,-6.16855e-08,-2.70898e-05,253.06,5045.52,25291.3
464400,250.903,0.846294,246.342,10073.1,7192.18,43998.9,0.0184575,0.0211343,-6.13217e-08,-2.70785e-05,253.145,5034.52,25280.7
468000,250.963,0.846074,246.754,10073.1,7176.56,43998.8,0.0184498,0.0211084,-6.09091e-08,-2.70672e-05,253.231,5023.6,25270.1
471600,251.023,0.845855,247.162,10073.1,7161.04,43998.7,0.0184422,0.021083,-6.0504e-08,-2.7056e-05,253.316,5012.73,25259.7
475200,251.082,0.845638,247.564,10073.1,7145.61,43998.6,0.0184346,0.0210583,-6.01152e-08,-2.70448e-05,253.401,5001.93,25249.2
478800,251.141,0.845423,247.963,10073,7130.27,43998.5,0.018427,0.0210357,-5.9775e-08,-2.70337e-05,253.486,4991.19,25238.9
482400,251.199,0.845208,248.362,10073,7114.99,43998.4,0.0184195,0.0210118,-5.94014e-08,-2.70227e-05,253.57,4980.49,25228.5
486000,251.258,0.844995,248.753,10073,7099.81,43998.3,0.018412,0.0209899,-5.90734e-08,-2.70117e-05,253.654,4969.87,25218.3
489600,251.316,0.844783,249.148,10073,7084.68,43998.2,0.0184045,0.0209666,-5.87136e-08,-2.70007e-05,253.738,4959.27,25208.1
493200,251.373,0.844572,249.534,10073,7069.66,43998.1,0.0183971,0.0209408,-5.82959e-08,-2.69899e-05,253.822,4948.76,25197.9
496800,251.431,0.844363,249.917,10072.9,7054.72,43998,0.0183897,0.0209172,-5.79274e-08,-2.6979e-05,253.905,4938.3,25187.8
500400,251.488,0.844155,250.295,10072.9,7039.87,43997.9,0.0183824,0.0208934,-5.7551e-08,-2.69683e-05,253.988,4927.91,25177.8
504000,251.544,0.843949,250.67,10072.9,7025.09,43997.8,0.0183751,0.0208738,-5.72715e-08,-2.69576e-05,254.071,4917.57,25167.8
507600,251.601,0.843743,251.049,10072.9,7010.36,43997.7,0.0183678,0.020851,-5.69192e-08,-2.69469e-05,254.154,4907.26,25157.8
511200,251.657,0.843539,251.418,10072.8,6995.75,43997.6,0.0183606,0.0208248,-5.64863e-08,-2.69363e-05,254.236,4897.03,25148
514800,251.713,0.843336,251.783,10072.8,6981.22,43997.5,0.0183534,0.0208035,-5.61658e-08,-2.69258e-05,254.318,4886.86,25138.1
518400,251.768,0.843134,252.148,10072.8,6966.76,43997.4,0.0183463,0.0207832,-5.58672e-08,-2.69153e-05,254.4,4876.73,25128.4
522000,251.823,0.842934,252.511,10072.8,6952.36,43997.3,0.0183392,0.0207597,-5.5494e-08,-2.69049e-05,254.482,4866.65,25118.6
525600,251.878,0.842735,252.868,10072.8,6938.07,43997.2,0.0183321,0.0207348,-5.50874e-08,-2.68945e-05,254.563,4856.65,25108.9
529200,251.933,0.842537,253.22,10072.7,6923.86,43997.1,0.0183251,0.020713,-5.47512e-08,-2.68842e-05,254.644,4846.7,25099.3
532800,251.987,0.842341,253.572,10072.7,6909.72,43997,0.0183181,0.0206941,-5.44814e-08,-2.6874e-05,254.725,4836.8,25089.8
536400,252.041,0.842145,253.924,10072.7,6895.63,43996.9,0.0183112,0.0206716,-5.41278e-08,-2.68638e-05,254.805,4826.94,25080.2
540000,252.095,0.841951,254.268,10072.7,6881.65,43996.8,0.0183043,0.0206475,-5.37369e-08,-2.68536e-05,254.886,4817.16,25070.8
543600,252.148,0.841758,254.61,10072.6,6867.75,43996.7,0.0182974,0.0206283,-5.34572e-08,-2.68435e-05,254.966,4807.42,25061.3
547200,252.201,0.841566,254.953,10072.6,6853.89,43996.6,0.0182905,0.0206074,-5.31357e-08,-2.68335e-05,255.045,4797.72,25052
550800,252.254,0.841375,255.291,10072.6,6840.13,43996.5,0.0182837,0.0205842,-5.27642e-08,-2.68235e-05,255.125,4788.09,25042.7
554400,252.307,0.841186,255.625,10072.6,6826.45,43996.4,0.018277,0.0205638,-5.24539e-08,-2.68136e-05,255.204,4778.52,25033.4
558000,252.359,0.840998,255.958,10072.6,6812.84,43996.3,0.0182702,0.0205421,-5.21129e-08,-2.68037e-05,255.283,4768.99,25024.2
561600,252.411,0.840811,256.286,10072.5,6799.32,43996.2,0.0182636,0.0205212,-5.179e-08,-2.67939e-05,255.362,4759.52,25015
565200,252.463,0.840625,256.614,10072.5,6785.85,43996.1,0.0182569,0.0205021,-5.15064e-08,-2.67842e-05,255.441,4750.09,25005.9
568800,252.514,0.84044,256.94,10072.5,6772.46,43996,0.0182503,0.0204783,-5.11169e-08,-2.67744e-05,255.519,4740.72,24996.8
572400,252.565,0.840257,257.257,10072.5,6759.17,43995.9,0.0182437,0.0204583,-5.08108e-08,-2.67648e-05,255.597,4731.42,24987.8
576000,252.616,0.840074,257.579,10072.4,6745.92,43995.8,0.0182371,0.02044,-5.05448e-08,-2.67552e-05,255.675,4722.15,24978.8
579600,252.666,0.839893,257.895,10072.4,6732.76,43995.8,0.0182306,0.0204181,-5.01928e-08,-2.67456e-05,255.752,4712.93,24969.9
583200,252.717,0.839713,258.209,10072.4,6719.68,43995.7,0.0182242,0.0203982,-4.98883e-08,-2.67361e-05,255.829,4703.77,24961.1
586800,252.766,0.839534,258.521,10072.4,6706.66,43995.6,0.0182177,0.0203769,-4.95496e-08,-2.67267e-05,255.906,4694.66,24952.2
590400,252.816,0.839356,258.828,10072.4,6693.73,43995.5,0.0182113,0.0203579,-4.92651e-08,-2.67173e-05,255.983,4685.61,24943.5
594000,252.866,0.839179,259.137,10072.3,6680.84,43995.4,0.0182049,0.0203382,-4.89606e-08,-2.67079e-05,256.06,4676.59,24934.7
597600,252.915,0.839003,259.439,10072.3,6668.06,43995.3,0.0181986,0.0203173,-4.86305e-08,-2.66986e-05,256.136,4667.64,24926.1
601200,252.963,0.838829,259.742,10072.3,6655.33,43995.2,0.0181923,0.0202986,-4.8347e-08,-2.66894e-05,256.212,4658.73,24917.4
604800,253.012,0.838655,260.041,10072.3,6642.68,43995.1,0.018186,0.0202792,-4.80479e-08,-2.66802e-05,256.288,4649.87,24908.9
608400,253.06,0.838483,260.339,10072.2,6630.09,43995,0.0181798,0.0202599,-4.77517e-08,-2.66711e-05,256.363,4641.06,24900.3
612000,253.108,0.838312,260.634,10072.2,6617.57,43994.9,0.0181736,0.0202399,-4.7437e-08,-2.6662e-05,256.438,4632.3,24891.8
615600,253.156,0.838141,260.927,10072.2,6605.13,43994.8,0.0181675,0.0202203,-4.7132e-08,-2.66529e-05,256.513,4623.59,24883.4
619200,253.204,0.837972,261.217,10072.2,6592.77,43994.7,0.0181613,0.0202014,-4.6841e-08,-2.66439e-05,256.588,4614.94,24875
622800,253.251,0.837804,261.505,10072.2,6580.46,43994.6,0.0181552,0.0201829,-4.656e-08,-2.6635e-05,256.663,4606.32,24866.7
626400,253.298,0.837637,261.792,10072.1,6568.23,43994.5,0.0181492,0.0201631,-4.62475e-08,-2.66261e-05,256.737,4597.76,24858.4
630000,253.344,0.837471,262.074,10072.1,6556.07,43994.4,0.0181432,0.0201449,-4.59707e-08,-2.66173e-05,256.811,4589.25,24850.1
633600,253.391,0.837306,262.357,10072.1,6543.96,43994.3,0.0181372,0.0201268,-4.56939e-08,-2.66085e-05,256.885,4580.78,24841.9
637200,253.437,0.837142,262.636,10072.1,6531.94,43994.2,0.0181312,0.0201066,-4.53705e-08,-2.65997e-05,256.958,4572.36,24833.7
640800,253.483,0.836979,262.913,10072,6519.99,43994.1,0.0181253,0.0200881,-4.50856e-08,-2.6591e-05,257.031,4563.99,24825.6
644400,253.529,0.836817,263.188,10072,6508.1,43994,0.0181194,0.0200701,-4.48103e-08,-2.65824e-05,257.104,4555.67,24817.6
648000,253.574,0.836657,263.46,10072,6496.28,43993.9,0.0181135,0.0200528,-4.45501e-08,-2.65738e-05,257.177,4547.4,24809.5
651600,253.619,0.836497,263.733,10072,6484.52,43993.8,0.0181077,0.0200338,-4.42508e-08,-2.65653e-05,257.249,4539.16,24801.6
655200,253.664,0.836338,264,10072,6472.84,43993.7,0.0181019,0.0200162,-4.39813e-08,-2.65568e-05,257.322,4530.99,24793.6
658800,253.709,0.83618,264.269,10071.9,6461.21,43993.6,0.0180961,0.0199989,-4.37191e-08,-2.65483e-05,257.394,4522.84,24785.7
662400,253.753,0.836023,264.534,10071.9,6449.66,43993.5,0.0180904,0.0199799,-4.34166e-08,-2.65399e-05,257.465,4514.76,24777.9
666000,253.797,0.835867,264.797,10071.9,6438.16,43993.5,0.0180847,0.0199631,-4.31651e-08,-2.65315e-05,257.537,4506.72,24770.1
669600,253.841,0.835713,265.059,10071.9,6426.73,43993.4,0.0180791,0.0199441,-4.28616e-08,-2.65232e-05,257.608,4498.71,24762.3
673200,253.884,0.835559,265.316,10071.8,6415.39,43993.3,0.0180734,0.0199273,-4.2607e-08,-2.6515e-05,257.679,4490.77,24754.6
676800,253.928,0.835406,265.575,10071.8,6404.08,43993.2,0.0180678,0.0199102,-4.23467e-08,-2.65068e-05,257.75,4482.86,24746.9
680400,253.971,0.835254,265.83,10071.8,6392.86,43993.1,0.0180623,0.0198916,-4.20504e-08,-2.64986e-05,257.82,4475.01,24739.3
684000,254.014,0.835103,266.083,10071.8,6381.7,43993,0.0180567,0.0198759,-4.18192e-08,-2.64905e-05,257.89,4467.19,24731.7
687600,254.056,0.834953,266.336,10071.8,6370.59,43992.9,0.0180512,0.0198568,-4.15087e-08,-2.64824e-05,257.96,4459.41,24724.2
691200,254.099,0.834804,266.583,10071.7,6359.58,43992.8,0.0180458,0.0198408,-4.12688e-08,-2.64744e-05,258.03,4451.71,24716.7
694800,254.141,0.834656,266.833,10071.7,6348.59,43992.7,0.0180403,0.0198258,-4.10536e-08,-2.64664e-05,258.099,4444.01,24709.2
698400,254.183,0.834509,267.079,10071.7,6337.68,43992.6,0.0180349,0.0198065,-4.0736e-08,-2.64584e-05,258.169,4436.37,24701.8
702000,254.224,0.834362,267.323,10071.7,6326.84,43992.5,0.0180295,0.0197906,-4.04985e-08,-2.64505e-05,258.238,4428.79,24694.5
705600,254.266,0.834217,267.567,10071.7,6316.05,43992.4,0.0180242,0.0197752,-4.02696e-08,-2.64427e-05,258.306,4421.23,24687.1
709200,254.307,0.834072,267.808,10071.6,6305.32,43992.3,0.0180188,0.0197565,-3.99644e-08,-2.64349e-05,258.375,4413.72,24679.8
712800,254.348,0.833929,268.046,10071.6,6294.68,43992.2,0.0180136,0.0197404,-3.97189e-08,-2.64271e-05,258.443,4406.27,24672.6
716400,254.388,0.833786,268.284,10071.6,6284.07,43992.1,0.0180083,0.0197265,-3.95213e-08,-2.64194e-05,258.511,4398.85,24665.4
720000,254.429,0.833645,268.521,10071.6,6273.52,43992,0.0180031,0.0197078,-3.92171e-08,-2.64117e-05,258.579,4391.46,24658.2
723600,254.469,0.833504,268.753,10071.5,6263.06,43991.9,0.0179979,0.0196907,-3.89447e-08,-2.64041e-05,258.646,4384.14,24651.1
727200,254.509,0.833364,268.986,10071.5,6252.65,43991.8,0.0179927,0.0196777,-3.87682e-08,-2.63965e-05,258.713,4376.85,24644
730800,254.549,0.833225,269.218,10071.5,6242.27,43991.7,0.0179876,0.0196605,-3.8493e-08,-2.6389e-05,258.78,4369.59,24637
734400,254.588,0.833087,269.446,10071.5,6231.99,43991.6,0.0179825,0.0196421,-3.81914e-08,-2.63815e-05,258.847,4362.4,24630
738000,254.628,0.83295,269.672,10071.5,6221.77,43991.5,0.0179774,0.0196289,-3.80063e-08,-2.6374e-05,258.913,4355.24,24623
741600,254.667,0.832813,269.9,10071.4,6211.58,43991.5,0.0179723,0.0196141,-3.77849e-08,-2.63666e-05,258.979,4348.11,24616.1
745200,254.706,0.832678,270.124,10071.4,6201.47,43991.4,0.0179673,0.0195969,-3.75071e-08,-2.63592e-05,259.045,4341.03,24609.2
748800,254.744,0.832543,270.346,10071.4,6191.41,43991.3,0.0179623,0.0195802,-3.72424e-08,-2.63519e-05,259.111,4333.99,24602.4
752400,254.782,0.83241,270.566,10071.4,6181.43,43991.2,0.0179573,0.019566,-3.70322e-08,-2.63446e-05,259.176,4327,24595.6
756000,254.821,0.832277,270.786,10071.3,6171.48,43991.1,0.0179524,0.0195526,-3.68379e-08,-2.63374e-05,259.242,4320.03,24588.8
759600,254.859,0.832145,271.005,10071.3,6161.59,43991,0.0179475,0.019535,-3.65515e-08,-2.63302e-05,259.307,4313.11,24582.1
763200,254.896,0.832014,271.22,10071.3,6151.78,43990.9,0.0179426,0.0195185,-3.62853e-08,-2.6323e-05,259.371,4306.25,24575.5
766800,254.934,0.831883,271.434,10071.3,6142.03,43990.8,0.0179378,0.0195058,-3.61071e-08,-2.63159e-05,259.436,4299.42,24568.8
770400,254.971,0.831754,271.648,10071.3,6132.31,43990.7,0.017933,0.0194924,-3.59126e-08,-2.63089e-05,259.5,4292.62,24562.2
774000,255.008,0.831625,271.861,10071.2,6122.65,43990.6,0.0179282,0.0194762,-3.56541e-08,-2.63018e-05,259.564,4285.85,24555.6
777600,255.045,0.831497,272.071,10071.2,6113.06,43990.5,0.0179234,0.0194605,-3.54036e-08,-2.62948e-05,259.628,4279.14,24549.1
781200,255.082,0.83137,272.28,10071.2,6103.52,43990.4,0.0179187,0.019445,-3.51601e-08,-2.62879e-05,259.691,4272.46,24542.6
784800,255.118,0.831244,272.486,10071.2,6094.05,43990.3,0.0179139,0.0194311,-3.49504e-08,-2.6281e-05,259.754,4265.84,24536.2
788400,255.154,0.831118,272.693,10071.2,6084.62,43990.2,0.0179093,0.0194186,-3.4774e-08,-2.62741e-05,259.817,4259.23,24529.8
792000,255.19,0.830993,272.899,10071.1,6075.24,43990.1,0.0179046,0.0194037,-3.45394e-08,-2.62673e-05,259.88,4252.67,24523.4
795600,255.226,0.83087,273.102,10071.1,6065.92,43990,0.0179,0.0193877,-3.42807e-08,-2.62605e-05,259.942,4246.15,24517
799200,255.261,0.830747,273.303,10071.1,6056.67,43989.9,0.0178954,0.0193716,-3.40207e-08,-2.62537e-05,260.004,4239.67,24510.7
802800,255.297,0.830625,273.501,10071.1,6047.49,43989.8,0.0178908,0.0193586,-3.38273e-08,-2.6247e-05,260.066,4233.24,24504.5
806400,255.332,0.830503,273.7,10071,6038.33,43989.7,0.0178863,0.0193467,-3.36613e-08,-2.62403e-05,260.128,4226.83,24498.3
810000,255.367,0.830382,273.898,10071,6029.23,43989.7,0.0178817,0.0193327,-3.34452e-08,-2.62337e-05,260.189,4220.46,24492.1
813600,255.401,0.830262,274.095,10071,6020.18,43989.6,0.0178772,0.0193184,-3.32221e-08,-2.62271e-05,260.251,4214.13,24485.9
817200,255.436,0.830143,274.29,10071,6011.19,43989.5,0.0178728,0.0193045,-3.3009e-08,-2.62206e-05,260.312,4207.84,24479.8
820800,255.47,0.830025,274.484,10071,6002.25,43989.4,0.0178683,0.0192901,-3.27821e-08,-2.62141e-05,260.372,4201.58,24473.7
824400,255.504,0.829907,274.676,10070.9,5993.38,43989.3,0.0178639,0.0192752,-3.25442e-08,-2.62076e-05,260.433,4195.36,24467.7
828000,255.538,0.82979,274.866,10070.9,5984.56,43989.2,0.0178595,0.019261,-3.23199e-08,-2.62011e-05,260.493,4189.19,24461.6
831600,255.572,0.829674,275.054,10070.9,5975.8,43989.1,0.0178552,0.0192489,-3.21433e-08,-2.61947e-05,260.553,4183.06,24455.7
835200,255.605,0.829559,275.243,10070.9,5967.06,43989,0.0178508,0.0192369,-3.19691e-08,-2.61884e-05,260.613,4176.95,24449.7
838800,255.639,0.829444,275.43,10070.8,5958.39,43988.9,0.0178465,0.0192232,-3.17556e-08,-2.61821e-05,260.672,4170.87,24443.8
842400,255.672,0.82933,275.616,10070.8,5949.77,43988.8,0.0178422,0.0192097,-3.15477e-08,-2.61758e-05,260.731,4164.84,24438
846000,255.705,0.829217,275.801,10070.8,5941.2,43988.7,0.017838,0.0191969,-3.13523e-08,-2.61695e-05,260.79,4158.84,24432.1
849600,255.737,0.829104,275.985,10070.8,5932.67,43988.6,0.0178337,0.0191834,-3.11413e-08,-2.61633e-05,260.849,4152.87,24426.3
853200,255.77,0.828993,276.166,10070.8,5924.21,43988.5,0.0178295,0.0191692,-3.09139e-08,-2.61571e-05,260.907,4146.95,24420.6
856800,255.802,0.828882,276.346,10070.7,5915.8,43988.4,0.0178254,0.0191554,-3.06958e-08,-2.6151e-05,260.966,4141.06,24414.8
860400,255.834,0.828772,276.524,10070.7,5907.45,43988.3,0.0178212,0.019142,-3.0487e-08,-2.61449e-05,261.024,4135.22,24409.1
864000,255.866,0.828662,276.701,10070.7,5899.15,43988.2,0.0178171,0.0191316,-3.03431e-08,-2.61388e-05,261.081,4129.4,24403.5
867600,255.898,0.828553,276.879,10070.7,5890.87,43988.1,0.017813,0.0191192,-3.01548e-08,-2.61328e-05,261.139,4123.61,24397.8
871200,255.929,0.828445,277.055,10070.7,5882.66,43988.1,0.0178089,0.0191055,-2.99373e-08,-2.61268e-05,261.196,4117.86,24392.3
874800,255.961,0.828338,277.229,10070.6,5874.5,43988,0.0178048,0.0190928,-2.97409e-08,-2.61208e-05,261.253,4112.15,24386.7
878400,255.992,0.828231,277.402,10070.6,5866.39,43987.9,0.0178008,0.0190804,-2.95506e-08,-2.61149e-05,261.31,4106.47,24381.2
882000,256.023,0.828125,277.574,10070.6,5858.32,43987.8,0.0177968,0.0190688,-2.93775e-08,-2.6109e-05,261.366,4100.82,24375.7
885600,256.054,0.82802,277.746,10070.6,5850.3,43987.7,0.0177928,0.0190564,-2.91851e-08,-2.61032e-05,261.423,4095.21,24370.2
889200,256.084,0.827915,277.915,10070.5,5842.33,43987.6,0.0177888,0.0190441,-2.89975e-08,-2.60974e-05,261.479,4089.63,24364.8
892800,256.115,0.827811,278.084,10070.5,5834.4,43987.5,0.0177849,0.0190318,-2.88066e-08,-2.60916e-05,261.534,4084.08,24359.4
896400,256.145,0.827707,278.252,10070.5,5826.53,43987.4,0.0177809,0.0190192,-2.86092e-08,-2.60858e-05,261.59,4078.57,24354
900000,256.175,0.827605,278.418,10070.5,5818.71,43987.3,0.0177771,0.0190072,-2.84241e-08,-2.60801e-05,261.645,4073.1,24348.7
903600,256.205,0.827503,278.583,10070.5,5810.93,43987.2,0.0177732,0.0189956,-2.82491e-08,-2.60744e-05,261.7,4067.65,24343.4
907200,256.234,0.827401,278.748,10070.4,5803.2,43987.1,0.0177693,0.0189842,-2.80767e-08,-2.60688e-05,261.755,4062.24,24338.1
910800,256.264,0.827301,278.911,10070.4,5795.51,43987,0.0177655,0.0189718,-2.78817e-08,-2.60632e-05,261.809,4056.86,24332.9
914400,256.293,0.827201,279.073,10070.4,5787.88,43986.9,0.0177617,0.0189591,-2.76796e-08,-2.60576e-05,261.864,4051.51,24327.7
918000,256.322,0.827101,279.233,10070.4,5780.29,43986.8,0.0177579,0.0189478,-2.75083e-08,-2.60521e-05,261.918,4046.2,24322.5
921600,256.351,0.827003,279.393,10070.4,5772.75,43986.7,0.0177542,0.0189366,-2.73403e-08,-2.60466e-05,261.972,4040.92,24317.3
925200,256.38,0.826904,279.551,10070.3,5765.25,43986.6,0.0177505,0.0189248,-2.71562e-08,-2.60411e-05,262.025,4035.67,24312.2
928800,256.409,0.826807,279.709,10070.3,5757.8,43986.5,0.0177467,0.0189133,-2.69798e-08,-2.60356e-05,262.079,4030.46,24307.2
932400,256.437,0.82671,279.865,10070.3,5750.39,43986.5,0.0177431,0.018902,-2.68062e-08,-2.60302e-05,262.132,4025.27,24302.1
936000,256.465,0.826614,280.02,10070.3,5743.03,43986.4,0.0177394,0.0188906,-2.66311e-08,-2.60249e-05,262.184,4020.12,24297.1
939600,256.494,0.826518,280.175,10070.2,5735.72,43986.3,0.0177358,0.0188792,-2.64547e-08,-2.60195e-05,262.237,4015,24292.1
943200,256.521,0.826424,280.328,10070.2,5728.45,43986.2,0.0177321,0.018868,-2.62814e-08,-2.60142e-05,262.289,4009.91,24287.1
946800,256.549,0.826329,280.48,10070.2,5721.22,43986.1,0.0177285,0.0188574,-2.61214e-08,-2.60089e-05,262.342,4004.85,24282.2
950400,256.577,0.826236,280.632,10070.2,5714.03,43986,0.017725,0.0188464,-2.59543e-08,-2.60037e-05,262.393,3999.82,24277.3
954000,256.604,0.826142,280.782,10070.2,5706.89,43985.9,0.0177214,0.0188343,-2.5759e-08,-2.59985e-05,262.445,3994.83,24272.4
957600,256.631,0.82605,280.93,10070.1,5699.81,43985.8,0.0177179,0.0188231,-2.55843e-08,-2.59933e-05,262.497,3989.87,24267.6
961200,256.658,0.825958,281.079,10070.1,5692.76,43985.7,0.0177144,0.018815,-2.5481e-08,-2.59881e-05,262.548,3984.93,24262.8
964800,256.685,0.825867,281.228,10070.1,5685.73,43985.6,0.0177109,0.0188042,-2.53136e-08,-2.5983e-05,262.599,3980.01,24258
968400,256.712,0.825776,281.374,10070.1,5678.77,43985.5,0.0177074,0.0187921,-2.5117e-08,-2.59779e-05,262.649,3975.14,24253.3
972000,256.739,0.825686,281.519,10070.1,5671.84,43985.4,0.0177039,0.0187814,-2.49541e-08,-2.59729e-05,262.7,3970.29,24248.5
975600,256.765,0.825596,281.664,10070,5664.96,43985.3,0.0177005,0.0187714,-2.48032e-08,-2.59678e-05,262.75,3965.47,24243.8
979200,256.791,0.825507,281.808,10070,5658.11,43985.2,0.0176971,0.0187605,-2.46337e-08,-2.59628e-05,262.8,3960.68,24239.2
982800,256.818,0.825419,281.95,10070,5651.32,43985.1,0.0176937,0.0187482,-2.44318e-08,-2.59579e-05,262.85,3955.93,24234.5
986400,256.843,0.825331,282.09,10070,5644.58,43985.1,0.0176904,0.0187381,-2.42782e-08,-2.59529e-05,262.899,3951.21,24229.9
990000,256.869,0.825244,282.231,10069.9,5637.87,43985,0.017687,0.0187283,-2.41312e-08,-2.5948e-05,262.949,3946.51,24225.4
993600,256.895,0.825157,282.37,10069.9,5631.21,43984.9,0.0176837,0.0187184,-2.39809e-08,-2.59432e-05,262.998,3941.84,24220.8
997200,256.92,0.825071,282.509,10069.9,5624.58,43984.8,0.0176804,0.0187079,-2.38182e-08,-2.59383e-05,263.046,3937.2,24216.3
1000800,256.946,0.824986,282.646,10069.9,5618,43984.7,0.0176771,0.0186991,-2.36921e-08,-2.59335e-05,263.095,3932.6,24211.8
1004400,256.971,0.824901,282.784,10069.9,5611.43,43984.6,0.0176739,0.0186892,-2.35401e-08,-2.59287e-05,263.143,3928,24207.3
1008000,256.996,0.824817,282.92,10069.8,5604.93,43984.5,0.0176706,0.0186783,-2.33677e-08,-2.5924e-05,263.191,3923.45,24202.9
1011600,257.021,0.824733,283.055,10069.8,5598.46,43984.4,0.0176674,0.0186694,-2.32379e-08,-2.59192e-05,263.239,3918.92,24198.5
1015200,257.045,0.824649,283.19,10069.8,5592.02,43984.3,0.0176642,0.0186581,-2.30534e-08,-2.59145e-05,263.287,3914.42,24194.1
1018800,257.07,0.824567,283.322,10069.8,5585.65,43984.2,0.017661,0.0186471,-2.28765e-08,-2.59099e-05,263.334,3909.95,24189.7
1022400,257.094,0.824484,283.454,10069.8,5579.31,43984.1,0.0176579,0.0186379,-2.27384e-08,-2.59052e-05,263.382,3905.51,24185.4
1026000,257.118,0.824403,283.585,10069.7,5573,43984,0.0176547,0.0186286,-2.25999e-08,-2.59006e-05,263.429,3901.1,24181.1
1029600,257.142,0.824322,283.715,10069.7,5566.74,43983.9,0.0176516,0.0186198,-2.24705e-08,-2.5896e-05,263.475,3896.72,24176.8
1033200,257.166,0.824241,283.846,10069.7,5560.5,43983.8,0.0176485,0.0186113,-2.2347e-08,-2.58915e-05,263.522,3892.35,24172.6
1036800,257.19,0.824161,283.975,10069.7,5554.3,43983.7,0.0176454,0.0186017,-2.2198e-08,-2.58869e-05,263.568,3888.01,24168.3
1040400,257.214,0.824081,284.104,10069.6,5548.14,43983.7,0.0176423,0.0185902,-2.20082e-08,-2.58824e-05,263.614,3883.7,24164.1
1044000,257.237,0.824002,284.23,10069.6,5542.04,43983.6,0.0176393,0.0185801,-2.18466e-08,-2.5878e-05,263.66,3879.43,24160
1047600,257.261,0.823924,284.356,10069.6,5535.97,43983.5,0.0176363,0.0185714,-2.17179e-08,-2.58735e-05,263.706,3875.18,24155.8
1051200,257.284,0.823846,284.481,10069.6,5529.94,43983.4,0.0176332,0.0185635,-2.16078e-08,-2.58691e-05,263.751,3870.96,24151.7
1054800,257.307,0.823768,284.607,10069.6,5523.92,43983.3,0.0176302,0.0185551,-2.14847e-08,-2.58647e-05,263.796,3866.75,24147.6
1058400,257.33,0.823691,284.731,10069.5,5517.95,43983.2,0.0176273,0.0185445,-2.13117e-08,-2.58604e-05,263.841,3862.57,24143.5
1062000,257.352,0.823615,284.853,10069.5,5512.03,43983.1,0.0176243,0.0185346,-2.11526e-08,-2.5856e-05,263.886,3858.42,24139.5
1065600,257.375,0.823539,284.975,10069.5,5506.15,43983,0.0176214,0.0185251,-2.10033e-08,-2.58517e-05,263.93,3854.31,24135.5
1069200,257.397,0.823464,285.096,10069.5,5500.31,43982.9,0.0176185,0.0185159,-2.08613e-08,-2.58474e-05,263.974,3850.22,24131.5
1072800,257.42,0.823389,285.216,10069.5,5494.5,43982.8,0.0176156,0.0185094,-2.07793e-08,-2.58432e-05,264.018,3846.15,24127.5
1076400,257.442,0.823314,285.337,10069.4,5488.7,43982.7,0.0176127,0.0185017,-2.06684e-08,-2.5839e-05,264.062,3842.09,24123.5
1080000,257.464,0.82324,285.457,10069.4,5482.95,43982.6,0.0176098,0.0184902,-2.04727e-08,-2.58348e-05,264.106,3838.07,24119.6
1083600,257.486,0.823167,285.574,10069.4,5477.26,43982.5,0.017607,0.0184804,-2.03137e-08,-2.58306e-05,264.149,3834.08,24115.7
1087200,257.508,0.823094,285.691,10069.4,5471.59,43982.4,0.0176042,0.0184724,-2.01965e-08,-2.58264e-05,264.192,3830.12,24111.9
1090800,257.529,0.823021,285.807,10069.4,5465.96,43982.3,0.0176013,0.0184655,-2.0104e-08,-2.58223e-05,264.235,3826.17,24108
1094400,257.551,0.822949,285.924,10069.3,5460.35,43982.3,0.0175985,0.0184572,-1.99797e-08,-2.58182e-05,264.278,3822.24,24104.2
1098000,257.572,0.822877,286.039,10069.3,5454.78,43982.2,0.0175958,0.0184465,-1.97999e-08,-2.58141e-05,264.32,3818.35,24100.4
1101600,257.593,0.822806,286.153,10069.3,5449.26,43982.1,0.017593,0.0184373,-1.96517e-08,-2.58101e-05,264.363,3814.48,24096.6
1105200,257.615,0.822736,286.266,10069.3,5443.78,43982,0.0175903,0.0184296,-1.95384e-08,-2.58061e-05,264.405,3810.64,24092.9
1108800,257.636,0.822666,286.379,10069.2,5438.32,43981.9,0.0175876,0.0184228,-1.94456e-08,-2.58021e-05,264.446,3806.82,24089.1
1112400,257.656,0.822596,286.492,10069.2,5432.88,43981.8,0.0175848,0.0184146,-1.93221e-08,-2.57981e-05,264.488,3803.02,24085.4
1116000,257.677,0.822527,286.603,10069.2,5427.49,43981.7,0.0175822,0.0184048,-1.91595e-08,-2.57942e-05,264.529,3799.24,24081.7
1119600,257.698,0.822458,286.713,10069.2,5422.14,43981.6,0.0175795,0.0183965,-1.90328e-08,-2.57902e-05,264.571,3795.5,24078.1
1123200,257.718,0.82239,286.823,10069.2,5416.82,43981.5,0.0175768,0.0183889,-1.89199e-08,-2.57863e-05,264.612,3791.77,24074.4
1126800,257.738,0.822322,286.932,10069.1,5411.53,43981.4,0.0175742,0.0183813,-1.88073e-08,-2.57825e-05,264.652,3788.07,24070.8
1130400,257.759,0.822254,287.041,10069.1,5406.26,43981.3,0.0175716,0.0183729,-1.86755e-08,-2.57786e-05,264.693,3784.38,24067.2
1134000,257.779,0.822187,287.148,10069.1,5401.05,43981.2,0.017569,0.0183633,-1.8518e-08,-2.57748e-05,264.733,3780.73,24063.7
1137600,257.799,0.822121,287.254,10069.1,5395.87,43981.1,0.0175664,0.0183573,-1.84393e-08,-2.5771e-05,264.773,3777.11,24060.1
1141200,257.818,0.822055,287.362,10069.1,5390.69,43981,0.0175638,0.0183499,-1.833e-08,-2.57672e-05,264.813,3773.48,24056.6
1144800,257.838,0.821989,287.467,10069,5385.57,43981,0.0175612,0.01834,-1.81617e-08,-2.57635e-05,264.853,3769.9,24053.1
1148400,257.858,0.821924,287.572,10069,5380.49,43980.9,0.0175587,0.018332,-1.80378e-08,-2.57597e-05,264.892,3766.34,24049.6
1152000,257.877,0.821859,287.675,10069,5375.43,43980.8,0.0175562,0.0183263,-1.79668e-08,-2.5756e-05,264.932,3762.8,24046.1
1155600,257.896,0.821794,287.78,10069,5370.38,43980.7,0.0175537,0.0183194,-1.78671e-08,-2.57524e-05,264.971,3759.27,24042.7
1159200,257.916,0.82173,287.884,10068.9,5365.38,43980.6,0.0175512,0.0183085,-1.76753e-08,-2.57487e-05,265.009,3755.77,24039.3
1162800,257.935,0.821667,287.984,10068.9,5360.44,43980.5,0.0175487,0.0183005,-1.75499e-08,-2.57451e-05,265.048,3752.31,24035.9
1166400,257.954,0.821604,288.086,10068.9,5355.51,43980.4,0.0175462,0.0182957,-1.7496e-08,-2.57414e-05,265.087,3748.86,24032.5
1170000,257.972,0.821541,288.187,10068.9,5350.59,43980.3,0.0175438,0.0182878,-1.73733e-08,-2.57379e-05,265.125,3745.42,24029.2
1173600,257.991,0.821479,288.287,10068.9,5345.73,43980.2,0.0175414,0.0182784,-1.72137e-08,-2.57343e-05,265.163,3742.01,24025.8
1177200,258.01,0.821417,288.386,10068.8,5340.9,43980.1,0.0175389,0.0182714,-1.71106e-08,-2.57307e-05,265.201,3738.63,24022.5
1180800,258.028,0.821356,288.485,10068.8,5336.09,43980,0.0175365,0.0182659,-1.70388e-08,-2.57272e-05,265.238,3735.26,24019.2
1184400,258.047,0.821295,288.584,10068.8,5331.3,43979.9,0.0175341,0.0182575,-1.6903e-08,-2.57237e-05,265.276,3731.91,24016
1188000,258.065,0.821234,288.68,10068.8,5326.57,43979.8,0.0175318,0.0182496,-1.67766e-08,-2.57202e-05,265.313,3728.6,24012.7
1191600,258.083,0.821174,288.778,10068.8,5321.84,43979.8,0.0175294,0.0182435,-1.66924e-08,-2.57168e-05,265.35,3725.29,24009.5
1195200,258.101,0.821114,288.874,10068.7,5317.15,43979.7,0.0175271,0.0182361,-1.65777e-08,-2.57134e-05,265.387,3722.01,24006.3
1198800,258.119,0.821054,288.97,10068.7,5312.49,43979.6,0.0175248,0.018227,-1.64237e-08,-2.57099e-05,265.423,3718.75,24003.1
1202400,258.137,0.820996,289.063,10068.7,5307.89,43979.5,0.0175225,0.0182215,-1.63511e-08,-2.57066e-05,265.46,3715.52,24000
1206000,258.154,0.820937,289.159,10068.7,5303.27,43979.4,0.0175201,0.0182163,-1.62846e-08,-2.57032e-05,265.496,3712.29,23996.8
1209600,258.172,0.820878,289.253,10068.6,5298.7,43979.3,0.0175179,0.0182063,-1.61104e-08,-2.56998e-05,265.532,3709.09,23993.7
1213200,258.189,0.820821,289.345,10068.6,5294.17,43979.2,0.0175156,0.018199,-1.59957e-08,-2.56965e-05,265.568,3705.92,23990.6
1216800,258.207,0.820763,289.438,10068.6,5289.66,43979.1,0.0175134,0.0181942,-1.59373e-08,-2.56932e-05,265.603,3702.77,23987.5
1220400,258.224,0.820706,289.53,10068.6,5285.17,43979,0.0175111,0.0181864,-1.58109e-08,-2.56899e-05,265.639,3699.62,23984.4
1224000,258.241,0.820649,289.621,10068.6,5280.73,43978.9,0.0175089,0.0181797,-1.57077e-08,-2.56867e-05,265.674,3696.51,23981.4
1227600,258.258,0.820593,289.712,10068.5,5276.3,43978.8,0.0175067,0.0181746,-1.56429e-08,-2.56834e-05,265.709,3693.41,23978.3
1231200,258.275,0.820537,289.803,10068.5,5271.89,43978.7,0.0175045,0.0181654,-1.5485e-08,-2.56802e-05,265.744,3690.32,23975.3
1234800,258.292,0.820481,289.891,10068.5,5267.54,43978.6,0.0175023,0.0181585,-1.53757e-08,-2.5677e-05,265.779,3687.28,23972.3
1238400,258.308,0.820426,289.98,10068.5,5263.2,43978.5,0.0175001,0.0181535,-1.5313e-08,-2.56738e-05,265.813,3684.24,23969.4
1242000,258.325,0.820371,290.069,10068.5,5258.88,43978.5,0.017498,0.0181456,-1.5181e-08,-2.56706e-05,265.847,3681.22,23966.4
1245600,258.341,0.820317,290.156,10068.4,5254.61,43978.4,0.0174958,0.018138,-1.50585e-08,-2.56675e-05,265.882,3678.22,23963.5
1249200,258.358,0.820263,290.242,10068.4,5250.36,43978.3,0.0174937,0.0181346,-1.50282e-08,-2.56644e-05,265.915,3675.25,23960.6
1252800,258.374,0.820209,290.331,10068.4,5246.1,43978.2,0.0174916,0.0181273,-1.49101e-08,-2.56613e-05,265.949,3672.27,23957.7
1256400,258.39,0.820155,290.416,10068.4,5241.92,43978.1,0.0174895,0.0181194,-1.47785e-08,-2.56582e-05,265.983,3669.34,23954.8
1260000,258.406,0.820102,290.502,10068.4,5237.73,43978,0.0174874,0.0181144,-1.47118e-08,-2.56551e-05,266.016,3666.41,23951.9
1263600,258.422,0.820049,290.587,10068.3,5233.58,43977.9,0.0174853,0.018106,-1.45696e-08,-2.56521e-05,266.049,3663.51,23949.1
1267200,258.438,0.819997,290.67,10068.3,5229.48,43977.8,0.0174833,0.0181008,-1.44965e-08,-2.56491e-05,266.082,3660.63,23946.3
1270800,258.454,0.819945,290.754,10068.3,5225.37,43977.7,0.0174812,0.0180963,-1.44429e-08,-2.56461e-05,266.115,3657.76,23943.5
1274400,258.469,0.819893,290.838,10068.3,5221.29,43977.6,0.0174792,0.018088,-1.42996e-08,-2.56431e-05,266.147,3654.9,23940.7
1278000,258.485,0.819842,290.92,10068.2,5217.26,43977.5,0.0174772,0.0180823,-1.42164e-08,-2.56401e-05,266.18,3652.08,23937.9
1281600,258.5,0.819791,291.003,10068.2,5213.23,43977.4,0.0174752,0.0180763,-1.41255e-08,-2.56372e-05,266.212,3649.26,23935.2
1285200,258.516,0.81974,291.084,10068.2,5209.25,43977.3,0.0174732,0.0180688,-1.3999e-08,-2.56342e-05,266.244,3646.48,23932.4
1288800,258.531,0.81969,291.165,10068.2,5205.29,43977.3,0.0174712,0.0180643,-1.3942e-08,-2.56313e-05,266.276,3643.7,23929.7
1292400,258.546,0.81964,291.246,10068.2,5201.34,43977.2,0.0174692,0.0180577,-1.38386e-08,-2.56284e-05,266.308,3640.94,23927
1296000,258.561,0.81959,291.325,10068.1,5197.44,43977.1,0.0174673,0.0180502,-1.37125e-08,-2.56256e-05,266.339,3638.21,23924.4
1299600,258.576,0.819541,291.404,10068.1,5193.56,43977,0.0174653,0.0180471,-1.36843e-08,-2.56227e-05,266.37,3635.49,23921.7
1303200,258.591,0.819492,291.485,10068.1,5189.67,43976.9,0.0174634,0.0180406,-1.35815e-08,-2.56199e-05,266.402,3632.77,23919
1306800,258.605,0.819443,291.562,10068.1,5185.85,43976.8,0.0174615,0.0180338,-1.34708e-08,-2.56171e-05,266.433,3630.09,23916.4
1310400,258.62,0.819395,291.641,10068.1,5182.02,43976.7,0.0174595,0.0180285,-1.33929e-08,-2.56143e-05,266.463,3627.41,23913.8
1314000,258.635,0.819347,291.717,10068,5178.24,43976.6,0.0174577,0.0180202,-1.32478e-08,-2.56115e-05,266.494,3624.77,23911.2
1317600,258.649,0.8193,291.793,10068,5174.49,43976.5,0.0174558,0.018017,-1.32171e-08,-2.56087e-05,266.524,3622.14,23908.6
1321200,258.664,0.819252,291.871,10068,5170.73,43976.4,0.0174539,0.0180115,-1.31348e-08,-2.5606e-05,266.555,3619.51,23906.1
1324800,258.678,0.819205,291.946,10068,5167.02,43976.3,0.017452,0.0180051,-1.30326e-08,-2.56032e-05,266.585,3616.92,23903.5
1328400,258.692,0.819158,292.022,10068,5163.32,43976.2,0.0174502,0.0180006,-1.29727e-08,-2.56005e-05,266.615,3614.32,23901
1332000,258.706,0.819112,292.097,10067.9,5159.65,43976.1,0.0174484,0.0179931,-1.28439e-08,-2.55978e-05,266.644,3611.75,23898.5
1335600,258.72,0.819066,292.171,10067.9,5156.01,43976.1,0.0174465,0.017988,-1.27695e-08,-2.55952e-05,266.674,3609.21,23896
1339200,258.734,0.81902,292.246,10067.9,5152.38,43976,0.0174447,0.0179824,-1.26829e-08,-2.55925e-05,266.703,3606.67,23893.5
1342800,258.748,0.818974,292.318,10067.9,5148.8,43975.9,0.0174429,0.0179762,-1.25836e-08,-2.55899e-05,266.733,3604.16,23891
1346400,258.762,0.818929,292.391,10067.8,5145.22,43975.8,0.0174411,0.0179726,-1.25404e-08,-2.55872e-05,266.762,3601.66,23888.6
1350000,258.775,0.818884,292.464,10067.8,5141.66,43975.7,0.0174393,0.0179653,-1.2417e-08,-2.55846e-05,266.791,3599.16,23886.1
1353600,258.789,0.81884,292.535,10067.8,5138.15,43975.6,0.0174376,0.0179607,-1.23523e-08,-2.5582e-05,266.819,3596.71,23883.7
1357200,258.802,0.818795,292.608,10067.8,5134.63,43975.5,0.0174358,0.0179559,-1.22812e-08,-2.55795e-05,266.848,3594.24,23881.3
1360800,258.816,0.818751,292.678,10067.8,5131.16,43975.4,0.0174341,0.01795,-1.2188e-08,-2.55769e-05,266.876,3591.81,23878.9
1364400,258.829,0.818707,292.749,10067.7,5127.68,43975.3,0.0174324,0.0179456,-1.21261e-08,-2.55744e-05,266.904,3589.38,23876.5
1368000,258.842,0.818664,292.819,10067.7,5124.25,43975.2,0.0174306,0.017939,-1.20157e-08,-2.55718e-05,266.933,3586.98,23874.2
1371600,258.855,0.818621,292.889,10067.7,5120.84,43975.1,0.0174289,0.0179346,-1.19553e-08,-2.55693e-05,266.96,3584.59,23871.9
1375200,258.868,0.818578,292.958,10067.7,5117.44,43975,0.0174272,0.0179284,-1.18527e-08,-2.55668e-05,266.988,3582.21,23869.5
1378800,258.881,0.818535,293.026,10067.7,5114.08,43975,0.0174255,0.0179237,-1.17837e-08,-2.55644e-05,267.016,3579.86,23867.2
1382400,258.894,0.818493,293.095,10067.6,5110.72,43974.9,0.0174239,0.0179188,-1.17121e-08,-2.55619e-05,267.043,3577.5,23864.9
1386000,258.907,0.818451,293.162,10067.6,5107.4,43974.8,0.0174222,0.0179133,-1.16245e-08,-2.55595e-05,267.07,3575.18,23862.6
1389600,258.92,0.818409,293.23,10067.6,5104.09,43974.7,0.0174205,0.017909,-1.15635e-08,-2.5557e-05,267.097,3572.86,23860.4
1393200,258.932,0.818368,293.297,10067.6,5100.81,43974.6,0.0174189,0.017903,-1.14642e-08,-2.55546e-05,267.124,3570.56,23858.1
1396800,258.945,0.818327,293.363,10067.6,5097.55,43974.5,0.0174173,0.0178988,-1.14059e-08,-2.55522e-05,267.151,3568.28,23855.9
1400400,258.957,0.818286,293.43,10067.5,5094.3,43974.4,0.0174156,0.0178931,-1.1315e-08,-2.55498e-05,267.178,3566.01,23853.6
1404000,258.97,0.818245,293.494,10067.5,5091.09,43974.3,0.017414,0.0178893,-1.12649e-08,-2.55475e-05,267.204,3563.76,23851.4
1407600,258.982,0.818205,293.561,10067.5,5087.87,43974.2,0.0174124,0.0178839,-1.1179e-08,-2.55451e-05,267.231,3561.51,23849.2
1411200,258.994,0.818165,293.624,10067.5,5084.71,43974.1,0.0174108,0.0178785,-1.10907e-08,-2.55428e-05,267.257,3559.3,23847.1
1414800,259.006,0.818125,293.69,10067.4,5081.54,43974,0.0174092,0.0178742,-1.10295e-08,-2.55405e-05,267.283,3557.08,23844.9
1418400,259.018,0.818085,293.753,10067.4,5078.41,43973.9,0.0174077,0.0178686,-1.0938e-08,-2.55382e-05,267.309,3554.89,23842.7
1422000,259.03,0.818046,293.817,10067.4,5075.29,43973.8,0.0174061,0.0178646,-1.08835e-08,-2.55359e-05,267.334,3552.7,23840.6
1425600,259.042,0.818007,293.88,10067.4,5072.2,43973.8,0.0174046,0.017858,-1.07687e-08,-2.55336e-05,267.36,3550.54,23838.5
1429200,259.054,0.817968,293.941,10067.4,5069.14,43973.7,0.017403,0.0178551,-1.07372e-08,-2.55313e-05,267.385,3548.4,23836.4
1432800,259.066,0.81793,294.005,10067.3,5066.06,43973.6,0.0174015,0.0178502,-1.06609e-08,-2.55291e-05,267.41,3546.24,23834.3
1436400,259.078,0.817892,294.065,10067.3,5063.04,43973.5,0.0174,0.0178458,-1.05942e-08,-2.55268e-05,267.435,3544.13,23832.2
1440000,259.089,0.817853,294.128,10067.3,5060,43973.4,0.0173984,0.0178412,-1.05255e-08,-2.55246e-05,267.46,3542,23830.1
1443600,259.101,0.817816,294.188,10067.3,5057.03,43973.3,0.017397,0.0178363,-1.0448e-08,-2.55224e-05,267.485,3539.92,23828.1
1447200,259.112,0.817778,294.25,10067.3,5054.03,43973.2,0.0173955,0.0178322,-1.03891e-08,-2.55202e-05,267.51,3537.82,23826
1450800,259.124,0.817741,294.309,10067.2,5051.09,43973.1,0.017394,0.0178271,-1.03067e-08,-2.55181e-05,267.534,3535.76,23824
1454400,259.135,0.817704,294.37,10067.2,5048.14,43973,0.0173925,0.017823,-1.02467e-08,-2.55159e-05,267.559,3533.69,23822
1458000,259.146,0.817667,294.429,10067.2,5045.22,43972.9,0.017391,0.0178175,-1.0154e-08,-2.55137e-05,267.583,3531.66,23820
1461600,259.157,0.817631,294.487,10067.2,5042.33,43972.8,0.0173896,0.017814,-1.01092e-08,-2.55116e-05,267.607,3529.63,23818
1465200,259.168,0.817595,294.547,10067.2,5039.44,43972.7,0.0173881,0.0178099,-1.00481e-08,-2.55095e-05,267.631,3527.61,23816
1468800,259.179,0.817559,294.605,10067.1,5036.58,43972.7,0.0173867,0.0178058,-9.988e-09,-2.55074e-05,267.654,3525.6,23814
1472400,259.19,0.817523,294.663,10067.1,5033.72,43972.6,0.0173853,0.0178003,-9.89409e-09,-2.55053e-05,267.678,3523.61,23812.1
1476000,259.201,0.817487,294.72,10067.1,5030.91,43972.5,0.0173839,0.0177955,-9.81708e-09,-2.55032e-05,267.702,3521.64,23810.1
1479600,259.212,0.817452,294.777,10067.1,5028.1,43972.4,0.0173824,0.0177917,-9.76395e-09,-2.55011e-05,267.725,3519.67,23808.2
1483200,259.223,0.817417,294.834,10067,5025.32,43972.3,0.0173811,0.0177878,-9.70716e-09,-2.54991e-05,267.748,3517.73,23806.3
1486800,259.233,0.817382,294.89,10067,5022.54,43972.2,0.0173797,0.0177825,-9.6167e-09,-2.54971e-05,267.771,3515.78,23804.4
1490400,259.244,0.817348,294.945,10067,5019.81,43972.1,0.0173783,0.0177793,-9.57691e-09,-2.5495e-05,267.794,3513.87,23802.5
1494000,259.254,0.817313,295.002,10067,5017.06,43972,0.0173769,0.0177752,-9.51423e-09,-2.5493e-05,267.817,3511.94,23800.6
1497600,259.265,0.817279,295.056,10067,5014.36,43971.9,0.0173756,0.0177711,-9.45114e-09,-2.5491e-05,267.839,3510.05,23798.8
1501200,259.275,0.817245,295.112,10066.9,5011.64,43971.8,0.0173742,0.0177669,-9.38684e-09,-2.5489e-05,267.862,3508.15,23796.9
1504800,259.285,0.817212,295.165,10066.9,5008.98,43971.7,0.0173729,0.0177627,-9.32178e-09,-2.54871e-05,267.884,3506.29,23795.1
1508400,259.296,0.817178,295.221,10066.9,5006.3,43971.6,0.0173715,0.017759,-9.26819e-09,-2.54851e-05,267.907,3504.41,23793.2
1512000,259.306,0.817145,295.274,10066.9,5003.67,43971.6,0.0173702,0.0177546,-9.19786e-09,-2.54831e-05,267.929,3502.57,23791.4
1515600,259.316,0.817112,295.328,10066.9,5001.03,43971.5,0.0173689,0.0177505,-9.1354e-09,-2.54812e-05,267.951,3500.72,23789.6
1519200,259.326,0.817079,295.38,10066.8,4998.43,43971.4,0.0173676,0.0177462,-9.06855e-09,-2.54793e-05,267.972,3498.9,23787.8
1522800,259.336,0.817046,295.434,10066.8,4995.83,43971.3,0.0173663,0.0177425,-9.01391e-09,-2.54774e-05,267.994,3497.08,23786
1526400,259.346,0.817014,295.486,10066.8,4993.26,43971.2,0.017365,0.0177394,-8.97124e-09,-2.54755e-05,268.016,3495.28,23784.2
1530000,259.356,0.816982,295.539,10066.8,4990.68,43971.1,0.0173637,0.0177345,-8.88934e-09,-2.54736e-05,268.037,3493.48,23782.5
1533600,259.366,0.81695,295.589,10066.8,4988.17,43971,0.0173624,0.0177307,-8.83285e-09,-2.54717e-05,268.058,3491.72,23780.7
1537200,259.375,0.816918,295.642,10066.7,4985.61,43970.9,0.0173611,0.0177273,-8.78547e-09,-2.54699e-05,268.079,3489.93,23779
1540800,259.385,0.816887,295.692,10066.7,4983.12,43970.8,0.0173599,0.017723,-8.7152e-09,-2.5468e-05,268.101,3488.19,23777.3
1544400,259.395,0.816855,295.744,10066.7,4980.61,43970.7,0.0173586,0.0177192,-8.65677e-09,-2.54662e-05,268.121,3486.43,23775.5
1548000,259.404,0.816825,295.793,10066.7,4978.16,43970.6,0.0173574,0.0177148,-8.58501e-09,-2.54643e-05,268.142,3484.71,23773.8
1551600,259.414,0.816794,295.844,10066.6,4975.69,43970.5,0.0173561,0.0177116,-8.54156e-09,-2.54625e-05,268.163,3482.98,23772.1
1555200,259.423,0.816763,295.893,10066.6,4973.25,43970.5,0.0173549,0.017708,-8.48698e-09,-2.54607e-05,268.183,3481.28,23770.5
1558800,259.432,0.816733,295.943,10066.6,4970.81,43970.4,0.0173537,0.0177041,-8.42579e-09,-2.54589e-05,268.204,3479.57,23768.8
1562400,259.442,0.816703,295.991,10066.6,4968.41,43970.3,0.0173525,0.0177006,-8.37315e-09,-2.54572e-05,268.224,3477.89,23767.1
1566000,259.451,0.816672,296.041,10066.6,4966,43970.2,0.0173513,0.0176969,-8.31739e-09,-2.54554e-05,268.244,3476.2,23765.5
1569600,259.46,0.816643,296.088,10066.5,4963.64,43970.1,0.0173501,0.017693,-8.25535e-09,-2.54536e-05,268.264,3474.55,23763.9
1573200,259.469,0.816613,296.137,10066.5,4961.26,43970,0.0173489,0.0176896,-8.20592e-09,-2.54519e-05,268.284,3472.88,23762.2
1576800,259.478,0.816584,296.184,10066.5,4958.92,43969.9,0.0173477,0.0176859,-8.14913e-09,-2.54502e-05,268.304,3471.25,23760.6
1580400,259.487,0.816554,296.232,10066.5,4956.58,43969.8,0.0173465,0.0176814,-8.07328e-09,-2.54484e-05,268.323,3469.61,23759
1584000,259.496,0.816525,296.278,10066.5,4954.29,43969.7,0.0173454,0.0176788,-8.04003e-09,-2.54467e-05,268.343,3468,23757.4
1587600,259.505,0.816496,296.326,10066.4,4951.96,43969.6,0.0173442,0.0176756,-7.99482e-09,-2.5445e-05,268.362,3466.37,23755.8
1591200,259.514,0.816468,296.372,10066.4,4949.69,43969.5,0.0173431,0.0176721,-7.9408e-09,-2.54433e-05,268.382,3464.78,23754.3
1594800,259.522,0.816439,296.419,10066.4,4947.4,43969.4,0.0173419,0.0176686,-7.88753e-09,-2.54417e-05,268.401,3463.18,23752.7
1598400,259.531,0.816411,296.464,10066.4,4945.16,43969.4,0.0173408,0.0176643,-7.81406e-09,-2.544e-05,268.42,3461.61,23751.1
1602000,259.54,0.816383,296.51,10066.4,4942.91,43969.3,0.0173397,0.0176619,-7.78675e-09,-2.54383e-05,268.439,3460.03,23749.6
1605600,259.548,0.816355,296.555,10066.3,4940.68,43969.2,0.0173385,0.0176578,-7.7193e-09,-2.54367e-05,268.458,3458.48,23748
1609200,259.557,0.816327,296.601,10066.3,4938.47,43969.1,0.0173374,0.017655,-7.6802e-09,-2.54351e-05,268.476,3456.93,23746.5
1612800,259.565,0.8163,296.646,10066.3,4936.26,43969,0.0173363,0.0176511,-7.61559e-09,-2.54334e-05,268.495,3455.39,23745
1616400,259.574,0.816272,296.689,10066.3,4934.09,43968.9,0.0173352,0.0176481,-7.57274e-09,-2.54318e-05,268.513,3453.86,23743.5
1620000,259.582,0.816245,296.734,10066.2,4931.91,43968.8,0.0173341,0.0176442,-7.51002e-09,-2.54302e-05,268.532,3452.34,23742
1623600,259.59,0.816218,296.777,10066.2,4929.77,43968.7,0.017333,0.0176414,-7.47041e-09,-2.54286e-05,268.55,3450.84,23740.5
1627200,259.599,0.816191,296.822,10066.2,4927.61,43968.6,0.017332,0.0176377,-7.41053e-09,-2.54271e-05,268.568,3449.33,23739
1630800,259.607,0.816165,296.864,10066.2,4925.5,43968.5,0.0173309,0.0176349,-7.37095e-09,-2.54255e-05,268.586,3447.85,23737.6
1634400,259.615,0.816138,296.908,10066.2,4923.37,43968.4,0.0173298,0.0176314,-7.31662e-09,-2.54239e-05,268.604,3446.36,23736.1
1638000,259.623,0.816112,296.949,10066.1,4921.29,43968.3,0.0173288,0.0176281,-7.26574e-09,-2.54224e-05,268.622,3444.91,23734.7
1641600,259.631,0.816086,296.993,10066.1,4919.19,43968.3,0.0173277,0.017626,-7.24089e-09,-2.54208e-05,268.64,3443.43,23733.2
1645200,259.639,0.81606,297.035,10066.1,4917.13,43968.2,0.0173267,0.0176217,-7.16753e-09,-2.54193e-05,268.657,3441.99,23731.8
1648800,259.647,0.816034,297.077,10066.1,4915.06,43968.1,0.0173256,0.017619,-7.1301e-09,-2.54178e-05,268.675,3440.55,23730.4
1652400,259.655,0.816009,297.118,10066.1,4913.02,43968,0.0173246,0.0176159,-7.08293e-09,-2.54163e-05,268.692,3439.12,23729
1656000,259.663,0.815983,297.16,10066,4910.99,43967.9,0.0173236,0.0176128,-7.03583e-09,-2.54148e-05,268.709,3437.69,23727.6
1659600,259.67,0.815958,297.201,10066,4908.97,43967.8,0.0173226,0.0176085,-6.96104e-09,-2.54133e-05,268.726,3436.28,23726.2
1663200,259.678,0.815933,297.241,10066,4906.98,43967.7,0.0173216,0.0176065,-6.93778e-09,-2.54118e-05,268.743,3434.89,23724.8
1666800,259.686,0.815908,297.282,10066,4904.98,43967.6,0.0173206,0.0176028,-6.87808e-09,-2.54103e-05,268.76,3433.48,23723.4
1670400,259.693,0.815884,297.321,10066,4903.02,43967.5,0.0173196,0.0176005,-6.84692e-09,-2.54089e-05,268.777,3432.11,23722.1
1674000,259.701,0.815859,297.362,10065.9,4901.03,43967.4,0.0173186,0.0175972,-6.79521e-09,-2.54074e-05,268.794,3430.72,23720.7
1677600,259.708,0.815835,297.401,10065.9,4899.1,43967.3,0.0173176,0.0175941,-6.7467e-09,-2.5406e-05,268.81,3429.37,23719.4
1681200,259.716,0.81581,297.441,10065.9,4897.15,43967.2,0.0173166,0.0175923,-6.72732e-09,-2.54045e-05,268.827,3428,23718
1684800,259.723,0.815786,297.48,10065.9,4895.23,43967.2,0.0173156,0.017588,-6.65337e-09,-2.54031e-05,268.843,3426.66,23716.7
1688400,259.731,0.815762,297.519,10065.9,4893.32,43967.1,0.0173147,0.0175858,-6.62514e-09,-2.54017e-05,268.859,3425.32,23715.4
1692000,259.738,0.815739,297.558,10065.8,4891.41,43967,0.0173137,0.0175821,-6.56313e-09,-2.54003e-05,268.876,3423.99,23714.1
1695600,259.745,0.815715,297.596,10065.8,4889.53,43966.9,0.0173128,0.0175799,-6.53377e-09,-2.53989e-05,268.892,3422.67,23712.8
1699200,259.752,0.815692,297.635,10065.8,4887.65,43966.8,0.0173118,0.0175762,-6.47102e-09,-2.53975e-05,268.908,3421.35,23711.5
1702800,259.76,0.815669,297.671,10065.8,4885.81,43966.7,0.0173109,0.017574,-6.4429e-09,-2.53961e-05,268.924,3420.06,23710.2
1706400,259.767,0.815645,297.71,10065.7,4883.93,43966.6,0.0173099,0.0175711,-6.39887e-09,-2.53948e-05,268.939,3418.75,23708.9
1710000,259.774,0.815623,297.746,10065.7,4882.12,43966.5,0.017309,0.017568,-6.3472e-09,-2.53934e-05,268.955,3417.48,23707.6
1713600,259.781,0.8156,297.785,10065.7,4880.28,43966.4,0.0173081,0.0175666,-6.33732e-09,-2.53921e-05,268.971,3416.19,23706.4
1717200,259.788,0.815577,297.822,10065.7,4878.46,43966.3,0.0173072,0.0175623,-6.26068e-09,-2.53907e-05,268.986,3414.92,23705.1
1720800,259.795,0.815554,297.858,10065.7,4876.67,43966.2,0.0173063,0.0175603,-6.2347e-09,-2.53894e-05,269.001,3413.67,23703.9
1724400,259.802,0.815532,297.895,10065.6,4874.87,43966.2,0.0173054,0.0175567,-6.17462e-09,-2.53881e-05,269.017,3412.41,23702.6
1728000,259.808,0.81551,297.93,10065.6,4873.11,43966.1,0.0173045,0.0175546,-6.14717e-09,-2.53867e-05,269.032,3411.18,23701.4
1731600,259.815,0.815488,297.967,10065.6,4871.33,43966,0.0173036,0.0175514,-6.09492e-09,-2.53854e-05,269.047,3409.93,23700.2
1735200,259.822,0.815466,298.001,10065.6,4869.59,43965.9,0.0173027,0.0175493,-6.06718e-09,-2.53841e-05,269.062,3408.71,23699
1738800,259.829,0.815444,298.038,10065.6,4867.83,43965.8,0.0173018,0.0175472,-6.03864e-09,-2.53828e-05,269.077,3407.48,23697.8
1742400,259.835,0.815423,298.073,10065.5,4866.11,43965.7,0.0173009,0.0175429,-5.96178e-09,-2.53816e-05,269.092,3406.28,23696.6
1746000,259.842,0.815401,298.108,10065.5,4864.39,43965.6,0.0173001,0.0175424,-5.96927e-09,-2.53803e-05,269.106,3405.07,23695.4
1749600,259.849,0.81538,298.144,10065.5,4862.67,43965.5,0.0172992,0.0175383,-5.89599e-09,-2.5379e-05,269.121,3403.87,23694.2
1753200,259.855,0.815359,298.177,10065.5,4860.99,43965.4,0.0172984,0.0175356,-5.85396e-09,-2.53778e-05,269.136,3402.69,23693
1756800,259.862,0.815338,298.212,10065.5,4859.29,43965.3,0.0172975,0.0175338,-5.83175e-09,-2.53765e-05,269.15,3401.5,23691.8
1760400,259.868,0.815317,298.246,10065.4,4857.62,43965.2,0.0172967,0.0175305,-5.77804e-09,-2.53753e-05,269.164,3400.34,23690.7
1764000,259.875,0.815296,298.28,10065.4,4855.96,43965.1,0.0172958,0.0175281,-5.74063e-09,-2.5374e-05,269.179,3399.17,23689.5
1767600,259.881,0.815275,298.313,10065.4,4854.31,43965.1,0.017295,0.0175253,-5.69739e-09,-2.53728e-05,269.193,3398.02,23688.4
1771200,259.887,0.815255,298.346,10065.4,4852.67,43965,0.0172942,0.017524,-5.68685e-09,-2.53716e-05,269.207,3396.87,23687.3
1774800,259.894,0.815234,298.38,10065.3,4851.03,43964.9,0.0172933,0.0175206,-5.62765e-09,-2.53704e-05,269.221,3395.72,23686.1
1778400,259.9,0.815214,298.413,10065.3,4849.42,43964.8,0.0172925,0.0175184,-5.59584e-09,-2.53692e-05,269.235,3394.6,23685
1782000,259.906,0.815194,298.446,10065.3,4847.8,43964.7,0.0172917,0.0175165,-5.57218e-09,-2.5368e-05,269.248,3393.46,23683.9
1785600,259.912,0.815174,298.478,10065.3,4846.21,43964.6,0.0172909,0.0175127,-5.50273e-09,-2.53668e-05,269.262,3392.34,23682.8
1789200,259.918,0.815155,298.51,10065.3,4844.63,43964.5,0.0172901,0.0175116,-5.49653e-09,-2.53656e-05,269.276,3391.24,23681.7
1792800,259.924,0.815135,298.544,10065.2,4843.03,43964.4,0.0172893,0.0175083,-5.43938e-09,-2.53645e-05,269.289,3390.12,23680.6
1796400,259.93,0.815115,298.574,10065.2,4841.49,43964.3,0.0172885,0.0175056,-5.39723e-09,-2.53633e-05,269.303,3389.04,23679.5
1800000,259.936,0.815096,298.607,10065.2,4839.92,43964.2,0.0172877,0.0175041,-5.3806e-09,-2.53621e-05,269.316,3387.94,23678.4
1803600,259.942,0.815077,298.638,10065.2,4838.38,43964.1,0.0172869,0.0175011,-5.33095e-09,-2.5361e-05,269.329,3386.87,23677.4
1807200,259.948,0.815057,298.669,10065.2,4836.84,43964,0.0172862,0.0174987,-5.2929e-09,-2.53599e-05,269.343,3385.79,23676.3
1810800,259.954,0.815039,298.7,10065.1,4835.32,43964,0.0172854,0.0174963,-5.25597e-09,-2.53587e-05,269.356,3384.73,23675.2
1814400,259.96,0.81502,298.731,10065.1,4833.81,43963.9,0.0172846,0.0174954,-5.25246e-09,-2.53576e-05,269.369,3383.67,23674.2
